event_id,area_peril_id,intensity_bin_id,probability
11,35084,2,1
11,35117,2,1
11,35211,2,1
11,35223,2,1
11,40065,2,1
11,40094,2,1
11,40133,2,1
11,40134,2,1
11,40155,2,1
11,40296,2,1
11,40312,2,1
11,40326,2,1
11,44027,2,1
11,44036,2,1
11,44087,2,1
11,44110,2,1
11,44114,2,1
11,44157,2,1
11,44162,2,1
11,44209,2,1
11,56012,2,1
11,56033,2,1
11,56043,2,1
11,56075,2,1
11,56226,2,1
11,64024,2,1
11,64102,2,1
11,64122,2,1
11,64125,2,1
11,64140,2,1
11,64249,2,1
11,64483,2,1
11,64513,2,1
11,85204,2,1
11,3529000,1,0.818053230386102
11,3529000,2,0.181946769613898
11,3533000,1,0.947856452850224
11,3533000,2,0.0521435471497756
11,3538000,1,0.324343341244686
11,3538000,2,0.675656658755314
11,4013000,1,0
11,4013000,2,1
11,4021000,1,0.297820891444446
11,4021000,2,0.702179108555554
11,4022000,1,0
11,4022000,2,1
11,4026000,1,0.682773621847591
11,4026000,2,0.317226378152409
11,4051000,1,0
11,4051000,2,1
11,4053000,1,0
11,4053000,2,1
11,4056000,1,0.666666666666667
11,4056000,2,0.333333333333333
11,4411000,1,0.510206093112888
11,4411000,2,0.489793906887112
11,4411900,1,0.385922788111105
11,4411900,2,0.614077211888895
11,4427000,1,0.539278755741447
11,4427000,2,0.460721244258553
11,4439000,1,0.487560308443479
11,4439000,2,0.512439691556521
11,4470000,1,0
11,4470000,2,1
11,4480000,1,0
11,4480000,2,1
11,5638000,1,0.489744094981236
11,5638000,2,0.510255905018764
11,5643000,1,0.874672496455458
11,5643000,2,0.125327503544542
11,5691000,1,0.53743272218039
11,5691000,2,0.46256727781961
11,6410000,1,0
11,6410000,2,1
11,6420000,1,0.460481386226608
11,6420000,2,0.539518613773392
11,6421000,1,0.28820749723011
11,6421000,2,0.71179250276989
11,6434000,1,0
11,6434000,2,1
11,6439000,1,0.620312654466397
11,6439000,2,0.379687345533603
11,6450000,1,0.5
11,6450000,2,0.5
11,6460000,1,0
11,6460000,2,1
11,8567000,1,0.739138257505297
11,8567000,2,0.260861742494703
12,2267,2,1
12,2729,2,1
12,2822,2,1
12,16015,2,1
12,16025,2,1
12,16036,2,1
12,16041,2,1
12,16046,3,1
12,16071,3,1
12,16093,2,1
12,16105,2,1
12,16120,2,1
12,16134,3,1
12,16146,2,1
12,16182,3,1
12,16225,2,1
12,16276,3,1
12,16353,3,1
12,16382,3,1
12,16418,2,1
12,17074,2,1
12,17104,2,1
12,33047,2,1
12,33056,2,1
12,33058,2,1
12,33063,2,1
12,33199,2,1
12,33417,2,1
12,33528,2,1
12,33529,2,1
12,33555,2,1
12,40295,2,1
12,59212,2,1
12,59581,2,1
12,60207,2,1
12,60637,2,1
12,62126,2,1
12,62178,2,1
12,62252,2,1
12,62479,2,1
12,62820,2,1
12,62851,2,1
12,68068,2,1
12,77108,2,1
12,78171,2,1
12,78366,2,1
12,78404,2,1
12,78420,2,1
12,87011,3,1
12,87017,2,1
12,87108,3,1
12,87121,2,1
12,260000,1,0.964817806954406
12,260000,2,0.0351821930455942
12,1600000,1,0
12,1600000,2,1
12,1615000,1,0.761043787167492
12,1615000,3,0.238956212832508
12,1622000,1,0.881385219937791
12,1622000,3,0.118614780062209
12,1625000,1,0.881074371497465
12,1625000,2,0.03041855690043
12,1625000,3,0.0885070716021045
12,1631000,1,0.829226798975817
12,1631000,2,0.170773201024183
12,1636000,1,0.358314704945731
12,1636000,2,0.475723312189612
12,1636000,3,0.165961982864657
12,1638000,1,0.63660703259658
12,1638000,2,0.36339296740342
12,1640000,1,0.87620807556308
12,1640000,2,0.12379192443692
12,1641000,1,0.534805221092173
12,1641000,2,0.37923321114919
12,1641000,3,0.085961567758637
12,1642000,1,0.81651502200424
12,1642000,3,0.18348497799576
12,1721000,1,0.69833673527363
12,1721000,2,0.30166326472637
12,3300000,1,0
12,3300000,2,1
12,3326000,1,0.5
12,3326000,2,0.5
12,3329000,1,0.692293278156872
12,3329000,2,0.307706721843128
12,3338000,1,0.885999608129777
12,3338000,2,0.114000391870223
12,3339000,1,0.585419807024318
12,3339000,2,0.414580192975682
12,3347000,1,0.5
12,3347000,2,0.5
12,3348000,1,0.832683228700423
12,3348000,2,0.167316771299577
12,3368000,1,0.973661328960397
12,3368000,2,0.0263386710396032
12,4041000,1,0.830217320519735
12,4041000,2,0.169782679480265
12,5918100,1,0.5
12,5918100,2,0.5
12,5994000,1,0.278440889180048
12,5994000,2,0.721559110819952
12,6012300,1,0.76707530647986
12,6012300,2,0.23292469352014
12,6089000,1,0.874554759915755
12,6089000,2,0.125445240084244
12,6212200,1,0.681788920212552
12,6212200,2,0.318211079787448
12,6212700,1,0.816233221790451
12,6212700,2,0.183766778209549
12,6213600,1,0.678077734264616
12,6213600,2,0.321922265735384
12,6266000,1,0
12,6266000,2,1
12,6270000,1,0.5
12,6270000,2,0.5
12,6821000,1,0.862776283011157
12,6821000,2,0.137223716988843
12,7750000,1,0.5
12,7750000,2,0.5
12,7811300,1,0.639448504678452
12,7811300,2,0.360551495321548
12,7849000,1,0.694982272848275
12,7849000,2,0.305017727151725
12,7894000,1,0.881339093431623
12,7894000,2,0.118660906568377
12,8729000,1,0.867829982571588
12,8729000,2,0.132170017428412
12,8730000,1,0.432288801956079
12,8730000,2,0.0564182397883021
12,8730000,3,0.511292958255619
12,8733000,1,0.907913378156869
12,8733000,3,0.0920866218431307
13,2007,2,1
13,2072,2,1
13,2215,2,1
13,2217,4,1
13,2326,2,1
13,2454,4,1
13,2553,4,1
13,2676,3,1
13,2696,2,1
13,2722,2,1
13,2758,2,1
13,2795,3,1
13,8046,4,1
13,8356,4,1
13,8396,4,1
13,8451,4,1
13,16089,3,1
13,16169,3,1
13,16233,3,1
13,16286,3,1
13,17299,3,1
13,17306,3,1
13,17429,3,1
13,17463,3,1
13,27017,2,1
13,27105,3,1
13,27108,2,1
13,27177,2,1
13,27198,2,1
13,27234,2,1
13,27347,2,1
13,27423,2,1
13,27507,2,1
13,27543,2,1
13,27608,2,1
13,27611,2,1
13,28036,3,1
13,28056,3,1
13,28059,2,1
13,28062,2,1
13,28064,4,1
13,28082,3,1
13,28087,2,1
13,28089,3,1
13,28124,2,1
13,28134,2,1
13,28143,3,1
13,28149,3,1
13,28170,2,1
13,28178,2,1
13,28185,2,1
13,28206,2,1
13,28216,2,1
13,28235,2,1
13,28239,3,1
13,28292,3,1
13,28321,2,1
13,28373,3,1
13,28405,2,1
13,36074,2,1
13,51152,2,1
13,59135,4,1
13,60045,3,1
13,60047,5,1
13,60104,2,1
13,60139,2,1
13,60141,3,1
13,60430,4,1
13,60463,2,1
13,60479,6,1
13,60612,3,1
13,60667,3,1
13,60672,2,1
13,61034,2,1
13,61207,2,1
13,61230,3,1
13,61491,2,1
13,62053,2,1
13,62257,2,1
13,62288,3,1
13,62449,3,1
13,62501,3,1
13,62875,3,1
13,75106,2,1
13,75107,2,1
13,75108,2,1
13,75109,2,1
13,75110,2,1
13,75111,2,1
13,75112,2,1
13,75113,2,1
13,75114,2,1
13,75115,2,1
13,75116,2,1
13,75117,2,1
13,75118,2,1
13,75119,2,1
13,75120,2,1
13,76217,3,1
13,76384,2,1
13,76482,3,1
13,76715,2,1
13,77514,2,1
13,78015,4,1
13,78029,3,1
13,78062,3,1
13,78092,4,1
13,78118,2,1
13,78124,3,1
13,78138,5,1
13,78146,4,1
13,78172,4,1
13,78190,3,1
13,78217,3,1
13,78263,2,1
13,78310,4,1
13,78311,4,1
13,78350,4,1
13,78354,3,1
13,78361,4,1
13,78418,4,1
13,78440,3,1
13,78455,5,1
13,78513,4,1
13,78530,2,1
13,78550,3,1
13,78551,3,1
13,78586,3,1
13,78591,3,1
13,78621,3,1
13,78624,5,1
13,78642,4,1
13,78646,3,1
13,79201,3,1
13,80417,2,1
13,80680,2,1
13,85254,2,1
13,86032,2,1
13,86194,3,1
13,86297,3,1
13,92012,2,1
13,92025,3,1
13,92062,2,1
13,93006,2,1
13,93008,2,1
13,93010,2,1
13,93029,2,1
13,93031,3,1
13,93046,2,1
13,93048,3,1
13,93053,2,1
13,93055,2,1
13,93063,2,1
13,93066,2,1
13,95019,5,1
13,95026,4,1
13,95028,5,1
13,95042,5,1
13,95063,4,1
13,95078,2,1
13,95091,5,1
13,95116,5,1
13,95127,4,1
13,95199,5,1
13,95203,2,1
13,95205,6,1
13,95218,5,1
13,95229,4,1
13,95277,4,1
13,95306,5,1
13,95313,4,1
13,95323,5,1
13,95331,4,1
13,95394,5,1
13,95409,5,1
13,95428,3,1
13,95430,5,1
13,95487,3,1
13,95488,5,1
13,95500,4,1
13,95504,3,1
13,95509,5,1
13,95563,5,1
13,95572,5,1
13,95580,2,1
13,95585,4,1
13,95607,6,1
13,95637,5,1
13,95660,6,1
13,95680,3,1
13,215000,1,0.910292539194648
13,215000,4,0.0897074608053517
13,219000,1,0.963402463765294
13,219000,4,0.0365975362347055
13,220000,1,0.6950745279869
13,220000,2,0.3049254720131
13,229000,1,0.757204827657308
13,229000,2,0.0534153704440621
13,229000,3,0.189379801898629
13,237000,1,0.529349386336524
13,237000,2,0.470650613663476
13,238000,1,0.662916925544651
13,238000,4,0.337083074455349
13,282000,1,0.353622352709736
13,282000,2,0.258555793272478
13,282000,3,0.387821854017786
13,819000,1,0.932979853101174
13,819000,4,0.0670201468988258
13,822000,1,0.937874047651431
13,822000,4,0.0621259523485689
13,1610000,1,0.759479269183118
13,1610000,3,0.240520730816882
13,1612000,1,0.938503284320039
13,1612000,3,0.0614967156799605
13,1617000,1,0.865584722645368
13,1617000,3,0.134415277354632
13,1720000,1,0.301381017748777
13,1720000,3,0.698618982251223
13,1730000,1,0
13,1730000,3,1
13,1778000,1,0.549047032223999
13,1778000,3,0.450952967776001
13,2716000,1,0.828472357389383
13,2716000,2,0.171527642610617
13,2722000,1,0.690359962042389
13,2722000,2,0.309640037957611
13,2730000,1,0.977419390772699
13,2730000,2,0.022580609227301
13,2752000,1,0.84757146452243
13,2752000,3,0.15242853547757
13,2758000,1,0.249484942797562
13,2758000,2,0.750515057202438
13,2765000,1,0.612467360697543
13,2765000,2,0.387532639302457
13,2771000,1,0
13,2771000,2,1
13,2793000,1,0.874220197217982
13,2793000,2,0.125779802782018
13,2810000,1,0
13,2810000,2,1
13,2817000,1,0.892382163026349
13,2817000,3,0.107617836973651
13,2825000,1,0.740906804161693
13,2825000,3,0.259093195838307
13,2826000,1,0.857140472117561
13,2826000,2,0.071895445231593
13,2826000,3,0.0709640826508462
13,2827000,1,0.589752379274016
13,2827000,2,0.375820478897096
13,2827000,3,0.0344271418288882
13,2834000,1,0.658385098524381
13,2834000,3,0.341614901475619
13,2835000,1,0.825085256118225
13,2835000,2,0.174914743881775
13,2841000,1,0.523326768737702
13,2841000,2,0.179873931564975
13,2841000,3,0.137944207025189
13,2841000,4,0.158855092672134
13,2850000,1,0.818073875469854
13,2850000,2,0.0825087509681594
13,2850000,3,0.0994173735619864
13,3670000,1,0.896157805286266
13,3670000,2,0.103842194713734
13,5150000,1,0.948237126394378
13,5150000,2,0.0517628736056216
13,5967000,1,0.722739760777425
13,5967000,4,0.277260239222575
13,6011700,1,0.870908222430625
13,6011700,2,0.129091777569375
13,6012000,1,0.663568400111451
13,6012000,2,0.336431599888549
13,6012700,1,0.374561141597565
13,6012700,4,0.625438858402435
13,6018000,1,0
13,6018000,2,1
13,6023000,1,0
13,6023000,2,1
13,6030000,1,0.35927094341721
13,6030000,3,0.58820825863419
13,6030000,5,0.0525207979485997
13,6041000,1,0.395135656071663
13,6041000,3,0.604864343928337
13,6050000,1,0.158836287593609
13,6050000,3,0.841163712406391
13,6080000,1,0.953487250067786
13,6080000,6,0.0465127499322141
13,6081000,1,0.834671430154246
13,6081000,3,0.165328569845754
13,6113000,1,0.955560842691739
13,6113000,2,0.0444391573082605
13,6119000,1,0.903621757423364
13,6119000,2,0.0963782425766363
13,6129000,1,0.87938325134957
13,6129000,3,0.12061674865043
13,6212000,1,0.954991398674884
13,6212000,3,0.0450086013251156
13,6212900,1,0.710551036074014
13,6212900,3,0.289448963925986
13,6231000,1,0.920346317274379
13,6231000,2,0.0796536827256213
13,6256000,1,0.898749458044657
13,6256000,2,0.101250541955343
13,6299000,1,0.935356620922489
13,6299000,3,0.0646433790775112
13,7500600,1,0
13,7500600,2,1
13,7500700,1,0
13,7500700,2,1
13,7500800,1,0
13,7500800,2,1
13,7500900,1,0
13,7500900,2,1
13,7501000,1,0
13,7501000,2,1
13,7501100,1,0
13,7501100,2,1
13,7501200,1,0
13,7501200,2,1
13,7501300,1,0
13,7501300,2,1
13,7501400,1,0
13,7501400,2,1
13,7501500,1,0
13,7501500,2,1
13,7501700,1,0
13,7501700,2,1
13,7501800,1,0
13,7501800,2,1
13,7501900,1,0
13,7501900,2,1
13,7502000,1,0
13,7502000,2,1
13,7511600,1,0
13,7511600,2,1
13,7617000,1,0.793115102179755
13,7617000,2,0.206884897820245
13,7620000,1,0
13,7620000,3,1
13,7621000,1,0.97452897090142
13,7621000,2,0.0254710290985801
13,7655000,1,0.711606441383699
13,7655000,3,0.288393558616301
13,7727000,1,0
13,7727000,2,1
13,7800000,1,0
13,7800000,3,1
13,7811200,1,0
13,7811200,3,1
13,7813000,1,0.109560597464854
13,7813000,3,0.890439402535146
13,7819000,1,0
13,7819000,3,1
13,7820000,1,0.174056947750846
13,7820000,2,0.136905416367111
13,7820000,3,0.251146705831518
13,7820000,4,0.437890930050524
13,7829000,1,0
13,7829000,3,1
13,7836000,1,0
13,7836000,4,1
13,7838000,1,0
13,7838000,4,1
13,7840000,1,0
13,7840000,4,1
13,7841000,1,0.632711762544806
13,7841000,3,0.367288237455194
13,7842000,1,0
13,7842000,3,1
13,7843000,1,0
13,7843000,4,1
13,7848000,1,0
13,7848000,4,1
13,7850000,1,0
13,7850000,3,1
13,7851000,1,0.666666666666667
13,7851000,5,0.333333333333333
13,7855000,1,0.534041693325858
13,7855000,4,0.465958306674141
13,7857000,1,0.340500465460866
13,7857000,4,0.340500465460866
13,7857000,5,0.318999069078269
13,7859000,1,0.0140253985385094
13,7859000,5,0.985974601461491
13,7864000,1,0.812025038750995
13,7864000,3,0.187974961249005
13,7865000,1,0.679609360189367
13,7865000,3,0.320390639810633
13,7868000,1,0
13,7868000,3,1
13,7870000,1,0
13,7870000,4,1
13,7879000,1,0.540928690619674
13,7879000,2,0.0733790056598053
13,7879000,3,0.38569230372052
13,7880000,1,0
13,7880000,4,1
13,7894000,1,0.118660906568377
13,7894000,4,0.881339093431623
13,7895000,1,0
13,7895000,2,1
13,7980000,1,0.766510976191693
13,7980000,3,0.233489023808307
13,8013100,1,0.321027432125828
13,8013100,2,0.678972567874172
13,8017000,1,0.5595257648456
13,8017000,2,0.440474235154399
13,8570000,1,0.951344734462503
13,8570000,2,0.048655265537497
13,8600000,1,0
13,8600000,3,1
13,8621000,1,0.709567174046111
13,8621000,2,0.290432825953889
13,8658000,1,0.564807254274998
13,8658000,3,0.435192745725002
13,9210000,1,0
13,9210000,2,1
13,9270000,1,0
13,9270000,3,1
13,9280000,1,0
13,9280000,2,1
13,9300000,1,0
13,9300000,2,1
13,9310000,1,0
13,9310000,3,1
13,9313000,1,0
13,9313000,2,1
13,9314000,1,0
13,9314000,2,1
13,9317000,1,0
13,9317000,2,1
13,9319000,1,0
13,9319000,2,1
13,9320000,1,0
13,9320000,2,1
13,9323000,1,0
13,9323000,2,1
13,9350000,1,0
13,9350000,2,1
13,9370000,1,0
13,9370000,2,1
13,9380000,1,0
13,9380000,3,1
13,9500000,1,0.701270145590332
13,9500000,4,0.298729854409668
13,9515000,1,0
13,9515000,6,1
13,9516000,1,0
13,9516000,3,1
13,9520000,1,0
13,9520000,4,1
13,9522000,1,0.34023933714727
13,9522000,5,0.65976066285273
13,9527000,1,0.861721058935852
13,9527000,4,0.138278941064148
13,9528000,1,0.666666666666667
13,9528000,5,0.333333333333333
13,9529000,1,0
13,9529000,4,1
13,9530000,1,0.264825559709472
13,9530000,4,0.735174440290528
13,9531000,1,0
13,9531000,5,1
13,9532000,1,0
13,9532000,5,1
13,9533000,1,0
13,9533000,5,1
13,9534000,1,0.245105482394242
13,9534000,3,0.754894517605758
13,9538000,1,0.773797194938162
13,9538000,5,0.226202805061838
13,9540000,1,0
13,9540000,3,0.5
13,9540000,5,0.5
13,9544000,1,0
13,9544000,6,1
13,9546000,1,0
13,9546000,4,1
13,9547000,1,0.875154616436424
13,9547000,2,0.124845383563576
13,9549000,1,0
13,9549000,5,1
13,9550000,1,0.362437612325009
13,9550000,4,0.637562387674991
13,9554000,1,0
13,9554000,5,1
13,9556000,1,0.286038269926709
13,9556000,5,0.713961730073291
13,9557000,1,0.000000000000000111022302462516
13,9557000,5,0.923678738234623
13,9557000,6,0.0763212617653772
13,9559000,1,0.286625037749234
13,9559000,3,0.713374962250766
13,9560000,1,0
13,9560000,2,1
13,9561000,1,0
13,9561000,5,1
13,9565000,1,0.492800961049789
13,9565000,2,0.507199038950211
13,9582000,1,0
13,9582000,5,1
13,9587000,1,0
13,9587000,4,1
14,2343,2,1
14,8055,2,1
14,8342,2,1
14,8463,2,1
14,10006,3,1
14,10223,5,1
14,10224,3,1
14,10282,5,1
14,10353,5,1
14,10409,5,1
14,10444,5,1
14,14118,2,1
14,14162,2,1
14,14215,2,1
14,14221,2,1
14,14303,2,1
14,14328,2,1
14,14371,2,1
14,14589,4,1
14,14719,4,1
14,14761,2,1
14,16003,3,1
14,16005,3,1
14,16018,2,1
14,16058,3,1
14,16060,2,1
14,16076,3,1
14,16083,3,1
14,16097,2,1
14,16102,2,1
14,16109,5,1
14,16145,2,1
14,16165,3,1
14,16167,2,1
14,16208,2,1
14,16217,3,1
14,16243,3,1
14,16286,3,1
14,16304,2,1
14,16339,3,1
14,16369,2,1
14,16397,2,1
14,17084,3,1
14,17137,3,1
14,17174,3,1
14,17211,3,1
14,17246,3,1
14,17253,3,1
14,17283,3,1
14,17290,2,1
14,17321,3,1
14,17457,3,1
14,17465,3,1
14,17474,3,1
14,18033,2,1
14,27107,3,1
14,27366,2,1
14,27473,2,1
14,27589,2,1
14,28018,2,1
14,28075,3,1
14,28088,3,1
14,28089,2,1
14,28130,2,1
14,28134,2,1
14,28164,3,1
14,28199,4,1
14,28243,5,1
14,28287,4,1
14,28392,5,1
14,33055,3,1
14,33240,3,1
14,33309,3,1
14,33493,3,1
14,36044,2,1
14,36069,2,1
14,36224,3,1
14,37018,5,1
14,37027,3,1
14,37028,3,1
14,37054,2,1
14,37065,3,1
14,37097,3,1
14,37113,2,1
14,37122,3,1
14,37123,2,1
14,37133,4,1
14,37144,3,1
14,37153,2,1
14,37157,2,1
14,37161,3,1
14,37173,2,1
14,37214,2,1
14,37243,3,1
14,37260,3,1
14,37261,3,1
14,37275,2,1
14,37277,5,1
14,40192,2,1
14,41007,2,1
14,41018,2,1
14,41031,5,1
14,41034,3,1
14,41045,3,1
14,41095,3,1
14,41097,3,1
14,41125,3,1
14,41171,3,1
14,41176,3,1
14,41185,3,1
14,41194,3,1
14,41243,3,1
14,41269,3,1
14,41282,3,1
14,41296,3,1
14,45004,5,1
14,45006,7,1
14,45028,3,1
14,45042,7,1
14,45063,3,1
14,45068,5,1
14,45122,6,1
14,45182,6,1
14,45187,4,1
14,45203,2,1
14,45208,5,1
14,45226,3,1
14,45234,5,1
14,45244,5,1
14,45247,4,1
14,45248,5,1
14,45252,6,1
14,45269,3,1
14,45270,4,1
14,45273,2,1
14,45290,3,1
14,45309,3,1
14,45315,4,1
14,45321,5,1
14,45324,3,1
14,45332,6,1
14,45338,5,1
14,45345,7,1
14,45347,4,1
14,49007,2,1
14,49015,2,1
14,49020,2,1
14,49035,2,1
14,49050,2,1
14,49125,2,1
14,49180,2,1
14,49271,2,1
14,49288,2,1
14,49345,2,1
14,49373,2,1
14,51079,3,1
14,51092,2,1
14,51153,3,1
14,51375,2,1
14,51535,2,1
14,51614,3,1
14,51629,2,1
14,60023,2,1
14,60025,3,1
14,60064,3,1
14,60068,2,1
14,60159,2,1
14,60176,5,1
14,60184,3,1
14,60188,3,1
14,60239,2,1
14,60325,2,1
14,60338,2,1
14,60403,2,1
14,60482,4,1
14,60500,6,1
14,60584,3,1
14,60683,5,1
14,61006,2,1
14,61278,2,1
14,61310,3,1
14,62041,5,1
14,62183,2,1
14,64029,2,1
14,64065,2,1
14,64122,2,1
14,64249,2,1
14,64504,2,1
14,72118,2,1
14,72161,2,1
14,72176,2,1
14,72181,2,1
14,72187,2,1
14,72189,3,1
14,72191,2,1
14,72373,2,1
14,76025,2,1
14,76035,2,1
14,76276,2,1
14,76312,2,1
14,76597,2,1
14,76702,2,1
14,77037,5,1
14,77317,7,1
14,77379,2,1
14,79280,2,1
14,80086,2,1
14,80115,4,1
14,80552,4,1
14,80620,4,1
14,80799,2,1
14,86034,3,1
14,86077,3,1
14,86097,3,1
14,86139,3,1
14,86140,3,1
14,86152,3,1
14,86153,3,1
14,86194,3,1
14,89113,3,1
14,89116,5,1
14,89144,5,1
14,89387,3,1
14,91045,6,1
14,91086,6,1
14,91129,6,1
14,91201,6,1
14,91228,6,1
14,91377,6,1
14,91421,6,1
14,91477,6,1
14,91521,6,1
14,91540,5,1
14,91649,3,1
14,92023,6,1
14,92048,6,1
14,93049,6,1
14,94004,5,1
14,94028,3,1
14,94059,6,1
14,94068,6,1
14,94078,3,1
14,95018,4,1
14,95142,2,1
14,95582,3,1
14,259000,1,0.980127186650233
14,259000,2,0.0198728133497668
14,814000,1,0.982389125939001
14,814000,2,0.0176108740609988
14,821000,1,0.925812845528186
14,821000,2,0.0741871544718136
14,824000,1,0.984728836047397
14,824000,2,0.0152711639526025
14,1016000,1,0.968396572797013
14,1016000,5,0.0316034272029872
14,1028000,1,0.573169205782704
14,1028000,5,0.426830794217296
14,1029000,1,0.721850849974825
14,1029000,5,0.278149150025175
14,1035000,1,0.399059675614301
14,1035000,3,0.600940324385699
14,1060000,1,0.866204630738518
14,1060000,5,0.133795369261482
14,1070000,1,0.611520909319381
14,1070000,3,0.388479090680619
14,1400000,1,0
14,1400000,2,1
14,1410000,1,0.955855441625983
14,1410000,2,0.0441445583740173
14,1414000,1,0.964720506421098
14,1414000,2,0.035279493578902
14,1419000,1,0.838574159102782
14,1419000,4,0.161425840897219
14,1437000,1,0.97413098280975
14,1437000,2,0.0258690171902497
14,1457000,1,0.558204324475288
14,1457000,2,0.441795675524712
14,1484000,1,0
14,1484000,2,1
14,1485000,1,0.367440149207237
14,1485000,2,0.632559850792763
14,1610000,1,0.381932445881236
14,1610000,2,0.483646901876509
14,1610000,3,0.134420652242256
14,1611000,1,0.951176835768417
14,1611000,3,0.0488231642315827
14,1613000,1,0.932026637955989
14,1613000,2,0.0679733620440109
14,1614000,1,0.699650096058195
14,1614000,2,0.0495730583270658
14,1614000,3,0.250776845614739
14,1617000,1,0.804093580473697
14,1617000,2,0.0189600773715821
14,1617000,3,0.176946342154721
14,1620000,1,0.485908168081352
14,1620000,2,0.394097231169633
14,1620000,3,0.0837533307671116
14,1620000,5,0.0362412699819028
14,1635000,1,0.625476104876538
14,1635000,3,0.374523895123462
14,1637000,1,0.578590629697833
14,1637000,2,0.421409370302167
14,1716000,1,0.963798568576875
14,1716000,2,0.0362014314231252
14,1724000,1,0.933955919702708
14,1724000,3,0.0660440802972924
14,1733000,1,0.759092168110215
14,1733000,3,0.240907831889785
14,1738000,1,0.809682160200857
14,1738000,3,0.190317839799142
14,1740000,1,0.968287788926212
14,1740000,3,0.0317122110737881
14,1743000,1,0.841303472633185
14,1743000,3,0.158696527366815
14,1780000,1,0.639092544483174
14,1780000,3,0.360907455516826
14,1800000,1,0
14,1800000,2,1
14,2750000,1,0.96739551048158
14,2750000,3,0.03260448951842
14,2791000,1,0.948544820801084
14,2791000,2,0.051455179198916
14,2792000,1,0.276910314375306
14,2792000,2,0.723089685624694
14,2794000,1,0.913181967939684
14,2794000,2,0.0868180320603163
14,2810000,1,0
14,2810000,2,1
14,2814000,1,0.861515466933737
14,2814000,4,0.138484533066263
14,2817000,1,0.892382163026349
14,2817000,2,0.107617836973651
14,2820000,1,0.631965994748184
14,2820000,3,0.368034005251816
14,2825000,1,0.92596272497899
14,2825000,2,0.0740372750210103
14,2831000,1,0.798289233115744
14,2831000,3,0.0378086124584349
14,2831000,4,0.141445699586308
14,2831000,5,0.0224564548395132
14,2833000,1,0.749957177945196
14,2833000,2,0.250042822054804
14,3334000,1,0.541026350374235
14,3334000,3,0.458973649625765
14,3600000,1,0
14,3600000,2,1
14,3622000,1,0.757316331785008
14,3622000,3,0.242683668214992
14,3624000,1,0.345036059370892
14,3624000,2,0.654963940629108
14,3712000,1,0.823123253339916
14,3712000,3,0.176876746660084
14,3713000,1,0.77379136289771
14,3713000,2,0.22620863710229
14,3715000,1,0.615591409440777
14,3715000,3,0.384408590559223
14,3720000,1,0
14,3720000,3,1
14,3729000,1,0.831843843605102
14,3729000,3,0.168156156394898
14,3730000,1,0
14,3730000,3,1
14,3731000,1,0.931427164166448
14,3731000,3,0.0685728358335521
14,3735000,1,0.701203840556795
14,3735000,2,0.298796159443205
14,3738000,1,0.555413840837774
14,3738000,2,0.444586159162226
14,3739000,1,0.795683208119899
14,3739000,2,0.204316791880101
14,3746000,1,0.582109141060503
14,3746000,2,0.236797818879693
14,3746000,4,0.08923411087775
14,3746000,5,0.0918589291820541
14,3750000,1,0.966135223072551
14,3750000,3,0.0338647769274492
14,3751000,1,0.197261030434761
14,3751000,3,0.224227689504604
14,3751000,5,0.578511280060635
14,3753000,1,0.926445607331843
14,3753000,3,0.0735543926681567
14,3754000,1,0
14,3754000,2,1
14,4000000,1,0
14,4000000,2,1
14,4100000,1,0.411811035768604
14,4100000,2,0.588188964231396
14,4110000,1,0.658449775269459
14,4110000,3,0.341550224730541
14,4112000,1,0.924377925779055
14,4112000,5,0.0756220742209454
14,4113000,1,0.820483113455718
14,4113000,3,0.179516886544282
14,4115000,1,0.933219851257196
14,4115000,3,0.0667801487428041
14,4116000,1,0.910897467399675
14,4116000,3,0.0891025326003253
14,4120000,1,0.277331117453737
14,4120000,3,0.722668882546263
14,4121000,1,0.838083440507263
14,4121000,3,0.161916559492737
14,4125000,1,0.983262084331716
14,4125000,3,0.0167379156682845
14,4129000,1,0.813974964957072
14,4129000,3,0.186025035042928
14,4130000,1,0.910283288470888
14,4130000,3,0.0897167115291122
14,4131000,1,0.826557336821889
14,4131000,2,0.173442663178111
14,4160000,1,0.891903489860892
14,4160000,3,0.108096510139108
14,4500000,1,0
14,4500000,5,1
14,4511000,1,0.858355361313161
14,4511000,3,0.141644638686839
14,4512000,1,0.418565610868397
14,4512000,5,0.581434389131603
14,4513000,1,0.445086523063477
14,4513000,2,0.370823725846349
14,4513000,3,0.184089751090174
14,4516000,1,0.898605853525089
14,4516000,7,0.101394146474911
14,4519000,1,0.338641437658344
14,4519000,3,0.661358562341656
14,4520000,1,0.0515901354498391
14,4520000,5,0.948409864550161
14,4524000,1,0.829222224396517
14,4524000,3,0.0585271898214291
14,4524000,6,0.112250585782054
14,4526000,1,0.543472141967911
14,4526000,4,0.378701574206769
14,4526000,5,0.0778262838253204
14,4529000,1,0.788267519035052
14,4529000,6,0.211732480964948
14,4530000,1,0.753720014847614
14,4530000,4,0.0231439707471048
14,4530000,6,0.223136014405281
14,4531000,1,0.589496789678586
14,4531000,5,0.410503210321414
14,4546000,1,0.727441064670117
14,4546000,7,0.272558935329883
14,4551000,1,0.403719670852995
14,4551000,3,0.596280329147005
14,4555000,1,0
14,4555000,2,1
14,4557000,1,0
14,4557000,5,0.667154636600761
14,4557000,6,0.332845363399239
14,4560000,1,0.471834296937369
14,4560000,4,0.528165703062631
14,4562000,1,0.346337196838562
14,4562000,3,0.653662803161438
14,4570000,1,0.336335711907776
14,4570000,4,0.197722993232525
14,4570000,5,0.401358064497989
14,4570000,7,0.0645832303617103
14,4573000,1,0
14,4573000,4,1
14,4900000,1,0.341062449943281
14,4900000,2,0.658937550056719
14,4907000,1,0.517070398806702
14,4907000,2,0.482929601193298
14,4908000,1,0
14,4908000,2,1
14,4913000,1,0.987817311361395
14,4913000,2,0.0121826886386046
14,4916000,1,0.711158803217524
14,4916000,2,0.288841196782476
14,4924000,1,0
14,4924000,2,1
14,4925000,1,0.786704863850178
14,4925000,2,0.213295136149822
14,4937000,1,0.902281062130819
14,4937000,2,0.0977189378691808
14,4938000,1,0.81184274151579
14,4938000,2,0.18815725848421
14,4956000,1,0.0640730628622285
14,4956000,2,0.935926937137772
14,4970000,1,0.888488740009713
14,4970000,2,0.111511259990287
14,5112000,1,0.481403111632802
14,5112000,2,0.518596888367198
14,5115000,1,0.938682324146258
14,5115000,3,0.0613176758537423
14,5138000,1,0.552913904208563
14,5138000,3,0.447086095791437
14,5150000,1,0.904832842859617
14,5150000,2,0.0951671571403833
14,5153000,1,0.926109604504003
14,5153000,3,0.0738903954959969
14,6011200,1,0.71438982776051
14,6011200,2,0.28561017223949
14,6020000,1,0
14,6020000,2,1
14,6024000,1,0.97421937798584
14,6024000,2,0.02578062201416
14,6032000,1,0.513590765946216
14,6032000,2,0.486409234053784
14,6033000,1,0.454824670781144
14,6033000,6,0.545175329218856
14,6034000,1,0.3051669200683
14,6034000,3,0.6948330799317
14,6035000,1,0.652304823570015
14,6035000,3,0.347695176429985
14,6056000,1,0
14,6056000,4,1
14,6061000,1,0
14,6061000,2,1
14,6062000,1,0.932360084255907
14,6062000,5,0.0676399157440928
14,6080000,1,0.339382683988575
14,6080000,5,0.660617316011425
14,6088000,1,0.435586457719945
14,6088000,2,0.564413542280055
14,6120000,1,0.549269454910764
14,6120000,2,0.450730545089236
14,6124000,1,0.813005421717294
14,6124000,3,0.186994578282706
14,6144000,1,0.319568390517713
14,6144000,2,0.680431609482287
14,6200000,1,0.383316632493855
14,6200000,5,0.616683367506145
14,6287000,1,0.837011820242932
14,6287000,2,0.162988179757068
14,6420000,1,0.460481386226608
14,6420000,2,0.539518613773392
14,6421000,1,0.819810286806209
14,6421000,2,0.180189713193791
14,6431000,1,0.479874881509798
14,6431000,2,0.520125118490202
14,6457000,1,0.878966168550464
14,6457000,2,0.121033831449536
14,7210000,1,0
14,7210000,2,1
14,7222000,1,0.896816383587419
14,7222000,2,0.103183616412581
14,7226000,1,0.691118419927593
14,7226000,3,0.308881580072407
14,7232000,1,0.661784179825979
14,7232000,2,0.338215820174021
14,7234000,1,0.918192215727594
14,7234000,2,0.0818077842724059
14,7236000,1,0.221065039087329
14,7236000,2,0.778934960912671
14,7239000,1,0.64935151485303
14,7239000,2,0.35064848514697
14,7280000,1,0.711273389753537
14,7280000,2,0.288726610246463
14,7619000,1,0.973124388228657
14,7619000,2,0.0268756117713432
14,7622000,1,0.558303760939775
14,7622000,2,0.441696239060225
14,7639000,1,0.658944400862279
14,7639000,2,0.341055599137721
14,7644000,1,0.706516687009381
14,7644000,2,0.293483312990619
14,7656000,1,0.923950200724531
14,7656000,2,0.0760497992754687
14,7678000,1,0.910230069237105
14,7678000,2,0.0897699307628949
14,7716000,1,0.427215648179769
14,7716000,2,0.572784351820231
14,7759000,1,0.385474988913889
14,7759000,5,0.614525011086111
14,7772000,1,0.65576244289912
14,7772000,7,0.34423755710088
14,7915000,1,0.970116285994502
14,7915000,2,0.0298837140054984
14,8020000,1,0.562796636124743
14,8020000,4,0.437203363875257
14,8037000,1,0.809166354945642
14,8037000,2,0.190833645054358
14,8080000,1,0.820971258523324
14,8080000,2,0.179028741476676
14,8600000,1,0
14,8600000,3,1
14,8616000,1,0.953193367008794
14,8616000,3,0.0468066329912059
14,8632000,1,0.347596414966584
14,8632000,3,0.652403585033416
14,8641000,1,0.784735427743767
14,8641000,3,0.215264572256233
14,8646000,1,0.768224852640513
14,8646000,3,0.231775147359487
14,8660000,1,0.701328740513781
14,8660000,3,0.298671259486219
14,8910000,1,0.699048904891416
14,8910000,3,0.300951095108584
14,8915000,1,0.894405300393642
14,8915000,5,0.105594699606358
14,8950000,1,0.972958739656027
14,8950000,5,0.0270412603439728
14,9107000,1,0
14,9107000,6,1
14,9108000,1,0
14,9108000,6,1
14,9112000,1,0
14,9112000,6,1
14,9113000,1,0
14,9113000,6,1
14,9121000,1,0.5
14,9121000,6,0.5
14,9123000,1,0
14,9123000,6,1
14,9130000,1,0
14,9130000,6,1
14,9153000,1,0.436523038969795
14,9153000,5,0.563476961030205
14,9159000,1,0.746343734418348
14,9159000,6,0.253656265581652
14,9161000,1,0
14,9161000,6,1
14,9171000,1,0
14,9171000,3,1
14,9214000,1,0.5
14,9214000,6,0.5
14,9236000,1,0
14,9236000,6,1
14,9336000,1,0
14,9336000,6,1
14,9400000,1,0
14,9400000,3,1
14,9419000,1,0
14,9419000,3,1
14,9421000,1,0
14,9421000,6,1
14,9442000,1,0
14,9442000,6,1
14,9447000,1,0
14,9447000,5,1
14,9510000,1,0
14,9510000,4,1
14,9511000,1,0
14,9511000,3,1
14,9575000,1,0.0993788819875776
14,9575000,2,0.900621118012422
15,1053,3,1
15,1289,3,1
15,1305,3,1
15,1451,3,1
15,2231,2,1
15,2329,2,1
15,2691,2,1
15,2810,4,1
15,3102,3,1
15,3103,3,1
15,3138,3,1
15,3165,3,1
15,4112,2,1
15,4230,2,1
15,8116,2,1
15,8409,2,1
15,8490,2,1
15,13074,2,1
15,13080,2,1
15,13082,2,1
15,26220,2,1
15,39235,2,1
15,39434,2,1
15,39478,2,1
15,41025,3,1
15,41050,3,1
15,42032,3,1
15,42052,3,1
15,42071,3,1
15,42074,3,1
15,42112,3,1
15,42127,3,1
15,42141,4,1
15,42152,3,1
15,42157,3,1
15,42177,3,1
15,42184,3,1
15,42187,3,1
15,42207,3,1
15,42231,3,1
15,42284,3,1
15,42337,4,1
15,42338,3,1
15,43003,4,1
15,43012,3,1
15,43112,4,1
15,43148,4,1
15,45227,2,1
15,59136,2,1
15,59246,2,1
15,59531,2,1
15,59545,2,1
15,63079,4,1
15,63132,4,1
15,63314,4,1
15,63393,3,1
15,63469,2,1
15,68175,3,1
15,69006,2,1
15,69018,2,1
15,69243,2,1
15,71120,3,1
15,71133,3,1
15,71137,2,1
15,71289,3,1
15,71318,4,1
15,77004,3,1
15,77010,4,1
15,77044,3,1
15,77055,3,1
15,77082,3,1
15,77083,3,1
15,77107,2,1
15,77108,5,1
15,77122,3,1
15,77135,4,1
15,77139,3,1
15,77145,3,1
15,77152,3,1
15,77153,5,1
15,77195,3,1
15,77222,3,1
15,77269,3,1
15,77285,3,1
15,77288,4,1
15,77295,3,1
15,77344,7,1
15,77373,2,1
15,77381,4,1
15,77393,3,1
15,77394,3,1
15,77407,2,1
15,77410,3,1
15,77426,3,1
15,77430,4,1
15,77445,2,1
15,77468,3,1
15,77479,3,1
15,77487,3,1
15,77493,3,1
15,77495,3,1
15,84003,2,1
15,84089,2,1
15,84123,2,1
15,88115,4,1
15,88531,4,1
15,91047,5,1
15,91098,2,1
15,91130,5,1
15,91131,2,1
15,91232,6,1
15,91247,2,1
15,91315,7,1
15,91495,2,1
15,91556,2,1
15,93033,3,1
15,93051,2,1
15,93071,3,1
15,94019,5,1
15,94055,5,1
15,94060,7,1
15,94071,7,1
15,100000,1,0.630325485664757
15,100000,3,0.369674514335243
15,119000,1,0.741865835198525
15,119000,3,0.258134164801475
15,144000,1,0
15,144000,3,1
15,196000,1,0.257714532697638
15,196000,3,0.742285467302362
15,210000,1,0.460549862174158
15,210000,2,0.539450137825842
15,227000,1,0.902645061039326
15,227000,2,0.0973549389606739
15,260000,1,0.643025317211668
15,260000,4,0.356974682788332
15,287000,1,0.882548285416512
15,287000,2,0.117451714583488
15,312000,1,0.647141100597201
15,312000,3,0.352858899402799
15,313000,1,0.772079369447752
15,313000,3,0.227920630552248
15,325000,1,0.755197887976787
15,325000,3,0.244802112023213
15,329000,1,0.361518832615214
15,329000,3,0.638481167384786
15,410000,1,0
15,410000,2,1
15,421000,1,0.0879212891965765
15,421000,2,0.912078710803424
15,820000,1,0.491212026681239
15,820000,2,0.508787973318761
15,839000,1,0.640111549953092
15,839000,2,0.359888450046908
15,840000,1,0.809806376186087
15,840000,2,0.190193623813913
15,1361000,1,0.0611831268946602
15,1361000,2,0.93881687310534
15,1384000,1,0
15,1384000,2,1
15,1386000,1,0
15,1386000,2,1
15,2611000,1,0.574024278087583
15,2611000,2,0.425975721912417
15,3920000,1,0.841469773215023
15,3920000,2,0.158530226784977
15,3970000,1,0.900529834443835
15,3970000,2,0.0994701655561649
15,3980000,1,0.570407968581732
15,3980000,2,0.429592031418268
15,4125000,1,0.808949671494676
15,4125000,3,0.191050328505324
15,4170000,1,0.933045259879404
15,4170000,3,0.0669547401205964
15,4212000,1,0.437051193835007
15,4212000,3,0.562948806164993
15,4215300,1,0
15,4215300,3,1
15,4219000,1,0.436000707302409
15,4219000,3,0.563999292697591
15,4230000,1,0.564503136475269
15,4230000,3,0.435496863524731
15,4231000,1,0.91532691972628
15,4231000,4,0.0846730802737204
15,4232000,1,0.840510524132987
15,4232000,3,0.159489475867013
15,4240000,1,0.75
15,4240000,3,0.25
15,4246000,1,0.719517740521434
15,4246000,3,0.280482259478566
15,4264000,1,0.147664966979843
15,4264000,3,0.852335033020157
15,4272000,1,0.30149767299939
15,4272000,3,0.69850232700061
15,4275000,1,0.744375368734547
15,4275000,4,0.255624631265453
15,4311000,1,0
15,4311000,3,1
15,4323000,1,0.765730398497498
15,4323000,4,0.234269601502502
15,4327000,1,0.623810876026917
15,4327000,4,0.376189123973083
15,4330000,1,0.707988259303249
15,4330000,4,0.292011740696751
15,4550000,1,0.948139031017601
15,4550000,2,0.0518609689823985
15,5922200,1,0.784413454538261
15,5922200,2,0.215586545461739
15,5936000,1,0.412786060175679
15,5936000,2,0.587213939824321
15,6312000,1,0.882755733439091
15,6312000,2,0.117244266560909
15,6355000,1,0.359874105754903
15,6355000,3,0.640125894245097
15,6358000,1,0.935125170337642
15,6358000,4,0.0648748296623578
15,6359000,1,0.561453364684047
15,6359000,4,0.438546635315953
15,6389000,1,0.474273662773081
15,6389000,4,0.525726337226919
15,6865000,1,0.29836288008497
15,6865000,3,0.70163711991503
15,6917000,1,0.344785318504911
15,6917000,2,0.655214681495089
15,6943000,1,0.827329801930711
15,6943000,2,0.172670198069289
15,6955000,1,0.621320515486334
15,6955000,2,0.378679484513666
15,7117000,1,0.390753409571637
15,7117000,3,0.609246590428363
15,7125000,1,0.650298844861677
15,7125000,2,0.349701155138323
15,7147000,1,0.73543827787547
15,7147000,4,0.26456172212453
15,7152000,1,0.872202407418084
15,7152000,3,0.127797592581916
15,7180000,1,0.791988348439219
15,7180000,3,0.208011651560781
15,7700000,1,0.274515101080176
15,7700000,3,0.362742449459912
15,7700000,4,0.362742449459912
15,7717600,1,0.360887151648877
15,7717600,2,0.639112848351123
15,7717700,1,0
15,7717700,3,1
15,7717800,1,0
15,7717800,4,0.719391427449894
15,7717800,7,0.280608572550106
15,7718100,1,0.213222154222516
15,7718100,3,0.786777845777484
15,7719000,1,0.0226407180221047
15,7719000,3,0.977359281977895
15,7720000,1,0
15,7720000,3,1
15,7723000,1,0.637082679940357
15,7723000,5,0.362917320059643
15,7724000,1,0.600464363656201
15,7724000,3,0.399535636343799
15,7731000,1,0.631571868316069
15,7731000,2,0.368428131683931
15,7734000,1,0.5
15,7734000,2,0.5
15,7735000,1,0.140913399614145
15,7735000,3,0.859086600385855
15,7736000,1,0
15,7736000,3,1
15,7738000,1,0
15,7738000,3,1
15,7739000,1,0.275324185885366
15,7739000,2,0.215967628620271
15,7739000,3,0.508708185494363
15,7742000,1,0
15,7742000,3,1
15,7750000,1,0.5
15,7750000,5,0.5
15,7754000,1,0.641447875575658
15,7754000,3,0.245156815069828
15,7754000,4,0.113395309354514
15,7772000,1,0.734301721154071
15,7772000,3,0.160279921541427
15,7772000,4,0.105418357304502
15,7795000,1,0.194182349101071
15,7795000,3,0.805817650898929
15,8412000,1,0.309039441723771
15,8412000,2,0.690960558276229
15,8439000,1,0.535492461421534
15,8439000,2,0.464507538578466
15,8440000,1,0.486128231601257
15,8440000,2,0.513871768398743
15,8840000,1,0.733781745426819
15,8840000,4,0.266218254573181
15,8843000,1,0.557071346346028
15,8843000,4,0.442928653653972
15,9115000,1,0.979188839976575
15,9115000,2,0.0208111600234253
15,9141000,1,0.954090315274541
15,9141000,2,0.0459096847254594
15,9159000,1,0.595391606696515
15,9159000,5,0.105392209144254
15,9159000,6,0.299216184159231
15,9174000,1,0.856453397377298
15,9174000,2,0.143546602622702
15,9176000,1,0
15,9176000,7,1
15,9178000,1,0.261712464173456
15,9178000,2,0.185136616713047
15,9178000,5,0.553150919113498
15,9316000,1,0
15,9316000,2,1
15,9327000,1,0
15,9327000,3,1
15,9346000,1,0
15,9346000,3,1
15,9437000,1,0.5
15,9437000,7,0.5
15,9443000,1,0
15,9443000,5,1
15,9449000,1,0
15,9449000,5,1
15,9451000,1,0
15,9451000,7,1
16,12188,2,1
16,12225,2,1
16,12238,2,1
16,12244,2,1
16,12297,2,1
16,15094,2,1
16,15101,2,1
16,15138,2,1
16,15148,2,1
16,15189,2,1
16,15235,2,1
16,15248,2,1
16,15268,2,1
16,19010,2,1
16,21210,2,1
16,21214,2,1
16,21362,2,1
16,21399,2,1
16,21561,2,1
16,21652,2,1
16,23081,2,1
16,23165,2,1
16,24002,2,1
16,24096,2,1
16,24129,2,1
16,24156,2,1
16,24220,2,1
16,24312,2,1
16,24540,2,1
16,43078,2,1
16,43120,2,1
16,43189,2,1
16,43241,2,1
16,48009,2,1
16,48089,2,1
16,63015,3,1
16,63016,3,1
16,63021,2,1
16,63050,2,1
16,63113,2,1
16,63125,3,1
16,63151,3,1
16,63178,2,1
16,63193,3,1
16,63258,3,1
16,63265,2,1
16,63280,2,1
16,63300,2,1
16,63414,3,1
16,63432,2,1
16,68247,2,1
16,71424,2,1
16,77241,3,1
16,89116,2,1
16,1210000,1,0.846704369539983
16,1210000,2,0.153295630460017
16,1229000,1,0.790631890870884
16,1229000,2,0.209368109129116
16,1249000,1,0.691459109420998
16,1249000,2,0.308540890579002
16,1278000,1,0.622981606171378
16,1278000,2,0.377018393828622
16,1510000,1,0.961722650337512
16,1510000,2,0.0382773496624882
16,1515000,1,0.681352533393429
16,1515000,2,0.318647466606571
16,1529000,1,0.695584322063652
16,1529000,2,0.304415677936348
16,1530000,1,0.690868958358477
16,1530000,2,0.309131041641523
16,1543000,1,0.252336448598131
16,1543000,2,0.747663551401869
16,1932000,1,0.574095014581211
16,1932000,2,0.425904985418789
16,2132000,1,0.812901455183856
16,2132000,2,0.187098544816144
16,2136000,1,0.941434977812223
16,2136000,2,0.0585650221877769
16,2144000,1,0.835171363320765
16,2144000,2,0.164828636679235
16,2326000,1,0.852305874380934
16,2326000,2,0.147694125619066
16,2346000,1,0.635966745290675
16,2346000,2,0.364033254709325
16,2433000,1,0.971009823146194
16,2433000,2,0.0289901768538056
16,2438000,1,0.945275226896867
16,2438000,2,0.0547247731031331
16,2442000,1,0.744876148022593
16,2442000,2,0.255123851977407
16,2446000,1,0.857188725746314
16,2446000,2,0.142811274253686
16,2453000,1,0.824182341983892
16,2453000,2,0.175817658016108
16,2466000,1,0.640405705377987
16,2466000,2,0.359594294622013
16,4337000,1,0.791847397656562
16,4337000,2,0.208152602343438
16,4341000,1,0.205916179170912
16,4341000,2,0.794083820829088
16,4350000,1,0.92206405655808
16,4350000,2,0.0779359434419205
16,4370000,1,0.797577075248052
16,4370000,2,0.202422924751948
16,4813000,1,0.833333333333333
16,4813000,2,0.166666666666667
16,4814000,1,0.756696590428237
16,4814000,2,0.243303409571763
16,6310000,1,0
16,6310000,2,1
16,6311400,1,0.726108797376629
16,6311400,2,0.273891202623371
16,6312000,1,0.336368572397939
16,6312000,3,0.663631427602061
16,6319000,1,0.832069946425121
16,6319000,2,0.167930053574879
16,6320000,1,0.65438020749926
16,6320000,2,0.34561979250074
16,6326000,1,0.909402870416626
16,6326000,2,0.0905971295833739
16,6327000,1,0.980091111465928
16,6327000,2,0.0199088885340716
16,6330000,1,0.86069892017059
16,6330000,3,0.13930107982941
16,6337000,1,0
16,6337000,3,1
16,6350000,1,0.559769321802087
16,6350000,2,0.440230678197913
16,6357000,1,0.675929622360119
16,6357000,2,0.324070377639881
16,6388000,1,0.574372213716258
16,6388000,3,0.425627786283742
16,6393000,1,0.200347228859087
16,6393000,3,0.799652771140913
16,6883000,1,0
16,6883000,2,1
16,7149000,1,0.921705143384472
16,7149000,2,0.0782948566155278
16,7723000,1,0.935271568368555
16,7723000,3,0.064728431631445
16,8950000,1,0.972958739656027
16,8950000,2,0.0270412603439728
