{
	"country_iso_codes": {
		"MA": "504"
	},
	
	"occupancy_class_codes": {
		"1050": "R",
		"1051": "R",
		"1052": "R",
		"1053": "R",
		"1054": "R",
		"1055": "R",
		"1056": "R",
		"1057": "R",
		"1058": "R",
		"1070": "R",
		"1071": "R",
		"1072": "R",
		"1073": "R",
		"1100": "C",
		"1101": "C",
		"1102": "C",
		"1103": "C",
		"1104": "C",
		"1105": "C",
		"1106": "C",
		"1107": "C",
		"1108": "C",
		"1109": "C",
		"1110": "C",
		"1111": "C",
		"1112": "C",
		"1113": "C",
		"1114": "C",
		"1115": "C",
		"1116": "C",
		"1117": "C",
		"1118": "C",
		"1119": "C",
		"1120": "C",
		"1121": "C",
		"1122": "C",
		"1123": "C",
		"1124": "C",
		"1150": "I",
		"1151": "I",
		"1152": "I",
		"1153": "I",
		"1154": "I",
		"1155": "I",
		"1156": "I",
		"1157": "I",
		"1158": "I",
		"1159": "I",
		"1200": "C",
		"1201": "C",
		"1210": "C",
		"1211": "C",
		"1212": "C",
		"1213": "C",
		"1214": "C",
		"1215": "C",
		"1220": "C",
		"1230": "C",
		"1231": "C",
		"1250": "I",
		"1251": "I",
		"1252": "I",
		"1253": "I",
		"1254": "I",
		"1255": "I",
		"1256": "I",
		"1300": "I",
		"1301": "I",
		"1302": "I",
		"1303": "I",
		"1304": "I",
		"1305": "I",
		"1350": "C",
		"1351": "I",
		"1352": "I",
		"1353": "I",
		"1354": "I",
		"1355": "I",
		"1356": "I",
		"2000": "I",
		"2050": "I",
		"2051": "I",
		"2052": "I",
		"2053": "I",
		"2054": "I",
		"2055": "I",
		"2056": "I",
		"2057": "I",
		"2058": "I",
		"2100": "I",
		"2101": "I",
		"2102": "I",
		"2103": "I",
		"2104": "I",
		"2105": "I",
		"2106": "I",
		"2107": "I",
		"2108": "I",
		"2109": "I",
		"2110": "I",
		"2111": "I",
		"2150": "I",
		"2151": "I",
		"2152": "I",
		"2153": "I",
		"2154": "I",
		"2155": "I",
		"2200": "I",
		"2201": "I",
		"2202": "I",
		"2203": "I",
		"2204": "I",
		"2205": "I",
		"2206": "I",
		"2207": "I",
		"2208": "I",
		"2250": "I",
		"2251": "I",
		"2252": "I",
		"2253": "I",
		"2300": "I",
		"2301": "I",
		"2302": "I",
		"2303": "I",
		"2304": "I",
		"2305": "I",
		"2350": "I",
		"2351": "I",
		"2352": "I",
		"2400": "I",
		"2401": "I",
		"2402": "I",
		"2403": "I",
		"2404": "I",
		"2450": "I",
		"2460": "I",
		"2461": "I",
		"2470": "I",
		"2500": "I",
		"2505": "I",
		"2510": "I",
		"2515": "I",
		"2520": "I",
		"2521": "I",
		"2530": "I",
		"2531": "I",
		"2541": "I",
		"2542": "I",
		"2550": "I",
		"2560": "I",
		"2600": "I",
		"2610": "I",
		"2611": "I",
		"2612": "I",
		"2613": "I",
		"2620": "I",
		"2650": "I",
		"2700": "I",
		"2750": "I",
		"2760": "I",
		"2770": "I",
		"2780": "I",
		"3000": "I",
		"3001": "I",
		"3002": "I",
		"3003": "I",
		"3004": "I",
		"3005": "I",
		"3006": "I",
		"3007": "I",
		"3008": "I",
		"3009": "I",
		"3010": "I",
		"3011": "I",
		"3012": "I",
		"3013": "I",
		"3014": "I",
		"3015": "I",
		"3016": "I",
		"3017": "I",
		"3018": "I",
		"3019": "I",
		"3020": "I",
		"3021": "I",
		"3022": "I",
		"3023": "I",
		"3024": "I",
		"3025": "I",
		"3026": "I",
		"3027": "I",
		"3028": "I",
		"3029": "I",
		"3030": "I",
		"3031": "I",
		"Otherwise":"NotFound"
	},
    	"construction_class_codes": {
    		"5000": "UNKNOWN",
		"Otherwise":"NotFound"
	    }
}
